letter,consonant,vowel,group
ሀ,h,a,
ሁ,h,u,
ሂ,h,i,
ሃ,h,ā,
ሄ,h,e,
ህ,h,ə ,
ሆ,h,o,
ሇ,h,wā,
,h,ya,
ለ,l,a,
ሉ,l,u,
ሊ,l,i,
ላ,l,ā,
ሌ,l,e,
ል,l,ə ,
ሎ,l,o,
ሏ,l,wā,
,l,ya,
ሐ,ḥ,a,
ሑ,ḥ,u,
ሒ,ḥ,i,
ሓ,ḥ,ā,
ሔ,ḥ,e,
ሕ,ḥ,ə ,
ሖ,ḥ,o,
ሗ,ḥ,wā,
,ḥ,ya,
መ,m,a,
ሙ,m,u,
ሚ,m,i,
ማ,m,ā,
ሜ,m,e,
ም,m,ə ,
ሞ,m,o,
ሟ,m,wā,
ፙ,m,ya,
ሠ,ś,a,
ሡ,ś,u,
ሢ,ś,i,
ሣ,ś,ā,
ሤ,ś,e,
ሥ,ś,ə ,
ሦ,ś,o,
ሧ,ś,wā,
,ś,ya,
ረ,r,a,
ሩ,r,u,
ሪ,r,i,
ራ,r,ā,
ሬ,r,e,
ር,r,ə ,
ሮ,r,o,
ሯ,r,wā,
ፘ,r,ya,
ሰ,s,a,
ሱ,s,u,
ሲ,s,i,
ሳ,s,ā,
ሴ,s,e,
ስ,s,ə ,
ሶ,s,o,
ሷ,s,wā,
,s,ya,
ሸ,š,a,
ሹ,š,u,
ሺ,š,i,
ሻ,š,ā,
ሼ,š,e,
ሽ,š,ə ,
ሾ,š,o,
ሿ,š,wā,
,š,ya,
ቀ,q,a,
ቁ,q,u,
ቂ,q,i,
ቃ,q,ā,
ቄ,q,e,
ቅ,q,ə ,
ቆ,q,o,
ቇ,q,wā,
,q,ya,
ቈ,qw,a,
,qw,u,
ቊ,qw,i,
ቋ,qw,ā,
ቌ,qw,e,
ቍ,qw,ə ,
,qw,o,
,qw,wā,
,qw,ya,
ቐ,x̣,a,
ቑ,x̣,u,
ቒ,x̣,i,
ቓ,x̣,ā,
ቔ,x̣,e,
ቅ,x̣,ə ,
ቖ,x̣,o,
,x̣,wā,
,x̣,ya,
ቘ,x̣w,a,
,x̣w,u,
ቝ,x̣w,i,
ቛ,x̣w,ā,
ቜ,x̣w,e,
ቚ,x̣w,ə ,
,x̣w,o,
,x̣w,wā,
,x̣w,ya,
በ,b,a,
ቡ,b,u,
ቢ,b,i,
ባ,b,ā,
ቤ,b,e,
ብ,b,ə ,
ቦ,b,o,
ቧ,b,wā,
,b,ya,
ቨ,v,a,
ቩ,v,u,
ቪ,v,i,
ቫ,v,ā,
ቬ,v,e,
ቭ,v,ə ,
ቮ,v,o,
ቯ,v,wā,
,v,ya,
ተ,t,a,
ቱ,t,u,
ቲ,t,i,
ታ,t,ā,
ቴ,t,e,
ት,t,ə ,
ቶ,t,o,
ቷ,t,wā,
,t,ya,
ቸ,č,a,
ቹ,č,u,
ቺ,č,i,
ቻ,č,ā,
ቼ,č,e,
ች,č,ə ,
ቾ,č,o,
ቿ,č,wā,
,č,ya,
ኀ,x,a,
ኁ,x,u,
ኂ,x,i,
ኃ,x,ā,
ኄ,x,e,
ኅ,x,ə ,
ኆ,x,o,
ኇ,x,wā,
,x,ya,
ኈ,ḫ,a,
,ḫ,u,
ኊ,ḫ,i,
ኋ,ḫ,ā,
ኌ,ḫ,e,
ኍ,ḫ,ə ,
,ḫ,o,
,ḫ,wā,
,ḫ,ya,
ነ,n,a,
ኑ,n,u,
ኒ,n,i,
ና,n,ā,
ኔ,n,e,
ን,n,ə ,
ኖ,n,o,
ኗ,n,wā,
,n,ya,
ኘ,ñ,a,
ኙ,ñ,u,
ኚ,ñ,i,
ኛ,ñ,ā,
ኜ,ñ,e,
ኝ,ñ,ə ,
ኞ,ñ,o,
ኟ,ñ,wā,
,ñ,ya,
አ,ʾ,a,
ኡ,ʾ,u,
ኢ,ʾ,i,
ኣ,ʾ,ā,
ኤ,ʾ,e,
እ,ʾ,ə ,
ኦ,ʾ,o,
ኧ,ʾ,wā,
,ʾ,ya,
ከ,k,a,
ኩ,k,u,
ኪ,k,i,
ካ,k,ā,
ኬ,k,e,
ክ,k,ə ,
ኮ,k,o,
ኳ,k,wā,
,k,ya,
ኰ,kw,a,
,kw,u,
ኲ,kw,i,
ኳ,kw,ā,
ኴ,kw,e,
ኵ,kw,ə ,
,kw,o,
,kw,wā,
,kw,ya,
ኸ,x,a,
ኹ,x,u,
ኺ,x,i,
ኻ,x,ā,
ኼ,x,e,
ኽ,x,ə ,
ኾ,x,o,
ዃ,x,wā,
,x,ya,
ዀ,xw,a,
,xw,u,
ዂ,xw,i,
ዃ,xw,ā,
ዄ,xw,e,
ዅ,xw,ə ,
,xw,o,
,xw,wā,
,xw,ya,
ወ,w,a,
ዉ,w,u,
ዊ,w,i,
ዋ,w,ā,
ዌ,w,e,
ው,w,ə ,
ዎ,w,o,
,w,wā,
,w,ya,
ዐ,ʿ,a,
ዑ,ʿ,u,
ዒ,ʿ,i,
ዓ,ʿ,ā,
ዔ,ʿ,e,
ዕ,ʿ,ə ,
ዖ,ʿ,o,
,ʿ,wā,
,ʿ,ya,
ዘ,z,a,
ዙ,z,u,
ዚ,z,i,
ዛ,z,ā,
ዜ,z,e,
ዝ,z,ə ,
ዞ,z,o,
ዟ,z,wā,
,z,ya,
ዠ,ž,a,
ዡ,ž,u,
ዢ,ž,i,
ዣ,ž,ā,
ዤ,ž,e,
ዥ,ž,ə ,
ዦ,ž,o,
ዧ,ž,wā,
,ž,ya,
የ,y,a,
ዩ,y,u,
ዪ,y,i,
ያ,y,ā,
ዬ,y,e,
ይ,y,ə ,
ዮ,y,o,
,y,wā,
,y,ya,
ደ,d,a,
ዱ,d,u,
ዲ,d,i,
ዳ,d,ā,
ዴ,d,e,
ድ,d,ə ,
ዶ,d,o,
,d,wā,
,d,ya,
ጀ,j,a,
ጁ,j,u,
ጂ,j,i,
ጃ,j,ā,
ጄ,j,e,
ጅ,j,ə ,
ጆ,j,o,
ጇ,j,wā,
,j,ya,
ዸ,ḍ,a,
ዹ,ḍ,u,
ዺ,ḍ,i,
ዻ,ḍ,ā,
ዼ,ḍ,e,
ዽ,ḍ,ə ,
ዾ,ḍ,o,
ዿ,ḍ,wā,
,ḍ,ya,
ገ,g,a,
ጉ,g,u,
ጊ,g,i,
ጋ,g,ā,
ጌ,g,e,
ግ,g,ə ,
ጎ,g,o,
ጏ,g,wā,
,g,ya,
,,,
ጐ,gw,a,
,gw,u,
ጕ,gw,i,
ጓ,gw,ā,
ጔ,gw,e,
ጒ,gw,ə ,
,gw,o,
,gw,wā,
,gw,ya,
,,,
ጘ,ŋ,a,
ጙ,ŋ,u,
ጚ,ŋ,i,
ጛ ,ŋ,ā,
ጜ,ŋ,e,
ጝ,ŋ,ə ,
ጞ,ŋ,o,
ጟ,ŋ,wā,
,,ya,
,,,
ጠ,ṭ,a,
ጡ,ṭ,u,
ጢ,ṭ,i,
ጣ,ṭ,ā,
ጤ,ṭ,e,
ጥ,ṭ,ə ,
ጦ,ṭ,o,
ጧ,ṭ,wā,
,,ya,
,,,
ጨ,č̣,a,
ጩ,č̣,u,
ጪ,č̣,i,
ጫ,č̣,ā,
ጬ,č̣,e,
ጭ,č̣,ə ,
ጮ,č̣,o,
ጯ,č̣,wā,
,č̣,ya,
,,,
ጰ,p̣,a,
ጱ,p̣,u,
ጲ,p̣,i,
ጳ,p̣,ā,
ጴ,p̣,e,
ጵ,p̣,ə ,
ጶ,p̣,o,
ጷ,p̣,wā,
,p̣,ya,
,,,
ጸ,ẓ,a,
ጹ,ẓ,u,
ጺ,ẓ,i,
ጻ,ẓ,ā,
ጼ,ẓ,e,
ጽ,ẓ,ə ,
ጾ,ẓ,o,
ጿ,ẓ,wā,
,ẓ,ya,
,,,
ፀ,ṣ́,a,
ፁ,ṣ́,u,
ፂ,ṣ́,i,
ፃ,ṣ́,ā,
ፄ,ṣ́,e,
ፅ,ṣ́,ə ,
ፆ,ṣ́,o,
ፇ,ṣ́,wā,
,ṣ́,ya,
,,,
ፋ,f,a,
ፉ,f,u,
ፊ,f,i,
ፋ,f,ā,
ፌ,f,e,
ፍ,f,ə ,
ፎ,f,o,
ፏ,f,wā,
ፚ,f,ya,
,,,
ፐ,p,a,
ፑ,p,u,
ፒ,p,i,
ፓ,p,ā,
ፔ,p,e,
ፕ,p,ə ,
ፖ,p,o,
ፗ,p,wā,
,p,ya,
